<?xml version="1.0" encoding="UTF-8"?>
<project-private xmlns="http://www.netbeans.org/ns/project-private/1">
    <editor-bookmarks xmlns="http://www.netbeans.org/ns/editor-bookmarks/2" lastBookmarkId="0"/>
    <open-files xmlns="http://www.netbeans.org/ns/projectui-open-files/2">
        <group>
            <file>file:/D:/Trabalhos%20Faculdade/APS_jogoLP/APS/src/Startup/MainProgram.java</file>
            <file>file:/D:/Trabalhos%20Faculdade/APS_jogoLP/APS/src/Controllers/FormsController.java</file>
            <file>file:/D:/Trabalhos%20Faculdade/APS_jogoLP/APS/src/Controllers/WidgetsController.java</file>
        </group>
    </open-files>
</project-private>
